受访者ID,问题1: 总体影响,问题2: 影响权衡,问题3-1: Mendenhall Glacier拥挤,问题3-2: 市中心车辆拥堵,问题3-3: 市中心人行道拥挤,问题3-4: 观鲸船交通及浪涌,问题3-5: 市中心外车辆拥堵,问题3-6: 观光飞行噪音,问题3-7: 步道拥挤,问题3-8: 邮轮废气排放
1,消极影响,不适用,没有受影响,非常受影响,非常受影响,非常受影响,非常受影响,没有受影响,有些受影响,有些受影响
2,没有影响,不适用,没有受影响,没有受影响,非常受影响,没有受影响,没有受影响,没有受影响,有些受影响,有些受影响
3,既有积极和消极影响,两者相,非常受影响,非常受影响,非常受影响,没有受影响,没有受影响,非常受影响,没有受影响,没有受影响
4,既有积极和消极影响,消极影,非常受影响,有些受影响,非常受影响,非常受影响,没有受影响,非常受影响,没有受影响,没有受影响
5,积极影响,不适用,没有受影响,没有受影响,非常受影响,非常受影响,没有受影响,非常受影响,有些受影响,没有受影响
6,积极影响,不适用,有些受影响,有些受影响,没有受影响,非常受影响,有些受影响,非常受影响,有些受影响,没有受影响
7,积极影响,不适用,没有受影响,没有受影响,非常受影响,有些受影响,有些受影响,没有受影响,没有受影响,没有受影响
8,既有积极和消极影响,积极影,非常受影响,有些受影响,有些受影响,非常受影响,非常受影响,有些受影响,非常受影响,有些受影响
9,既有积极和消极影响,两者相,没有受影响,非常受影响,没有受影响,没有受影响,有些受影响,有些受影响,非常受影响,没有受影响
10,既有积极和消极影响,两者相,非常受影响,没有受影响,没有受影响,非常受影响,有些受影响,非常受影响,有些受影响,没有受影响
11,积极影响,不适用,非常受影响,有些受影响,没有受影响,非常受影响,没有受影响,有些受影响,没有受影响,有些受影响
12,没有影响,不适用,非常受影响,没有受影响,非常受影响,没有受影响,没有受影响,没有受影响,非常受影响,没有受影响
13,既有积极和消极影响,积极影,没有受影响,非常受影响,没有受影响,非常受影响,没有受影响,没有受影响,没有受影响,没有受影响
14,积极影响,不适用,没有受影响,非常受影响,有些受影响,没有受影响,非常受影响,有些受影响,没有受影响,有些受影响
15,积极影响,不适用,有些受影响,非常受影响,有些受影响,没有受影响,没有受影响,非常受影响,没有受影响,没有受影响
16,积极影响,不适用,非常受影响,没有受影响,非常受影响,没有受影响,没有受影响,有些受影响,有些受影响,非常受影响
17,积极影响,不适用,没有受影响,有些受影响,没有受影响,没有受影响,没有受影响,有些受影响,没有受影响,有些受影响
18,既有积极和消极影响,两者相,非常受影响,没有受影响,有些受影响,没有受影响,没有受影响,有些受影响,没有受影响,非常受影响
19,既有积极和消极影响,两者相,没有受影响,有些受影响,非常受影响,非常受影响,没有受影响,没有受影响,没有受影响,没有受影响
20,积极影响,不适用,有些受影响,没有受影响,有些受影响,非常受影响,没有受影响,没有受影响,没有受影响,没有受影响
21,既有积极和消极影响,不知道,非常受影响,非常受影响,有些受影响,非常受影响,非常受影响,没有受影响,没有受影响,有些受影响
22,积极影响,不适用,有些受影响,没有受影响,没有受影响,没有受影响,有些受影响,有些受影响,没有受影响,没有受影响
23,积极影响,不适用,非常受影响,没有受影响,没有受影响,非常受影响,有些受影响,有些受影响,没有受影响,没有受影响
24,消极影响,不适用,没有受影响,没有受影响,没有受影响,没有受影响,有些受影响,没有受影响,没有受影响,没有受影响
25,既有积极和消极影响,两者相,有些受影响,没有受影响,非常受影响,没有受影响,有些受影响,没有受影响,非常受影响,没有受影响
26,既有积极和消极影响,消极影,非常受影响,没有受影响,有些受影响,没有受影响,没有受影响,没有受影响,非常受影响,没有受影响
27,积极影响,不适用,没有受影响,没有受影响,有些受影响,没有受影响,没有受影响,非常受影响,有些受影响,没有受影响
28,既有积极和消极影响,消极影,非常受影响,非常受影响,非常受影响,非常受影响,没有受影响,没有受影响,没有受影响,有些受影响
29,既有积极和消极影响,不知道,有些受影响,非常受影响,非常受影响,没有受影响,有些受影响,有些受影响,没有受影响,非常受影响
30,积极影响,不适用,没有受影响,没有受影响,没有受影响,没有受影响,没有受影响,没有受影响,有些受影响,没有受影响
31,既有积极和消极影响,两者相,有些受影响,没有受影响,非常受影响,非常受影响,没有受影响,没有受影响,没有受影响,没有受影响
32,积极影响,不适用,非常受影响,没有受影响,有些受影响,非常受影响,有些受影响,没有受影响,没有受影响,没有受影响
33,积极影响,不适用,没有受影响,有些受影响,非常受影响,没有受影响,没有受影响,非常受影响,没有受影响,非常受影响
34,没有影响,不适用,有些受影响,非常受影响,非常受影响,没有受影响,有些受影响,没有受影响,有些受影响,有些受影响
35,没有影响,不适用,非常受影响,非常受影响,非常受影响,没有受影响,有些受影响,非常受影响,没有受影响,没有受影响
36,既有积极和消极影响,积极影,非常受影响,没有受影响,没有受影响,没有受影响,没有受影响,有些受影响,有些受影响,有些受影响
37,积极影响,不适用,没有受影响,有些受影响,没有受影响,没有受影响,有些受影响,非常受影响,有些受影响,没有受影响
38,积极影响,不适用,有些受影响,非常受影响,没有受影响,没有受影响,没有受影响,没有受影响,有些受影响,没有受影响
39,既有积极和消极影响,积极影,有些受影响,有些受影响,有些受影响,有些受影响,没有受影响,有些受影响,有些受影响,没有受影响
40,既有积极和消极影响,积极影,没有受影响,非常受影响,非常受影响,有些受影响,没有受影响,有些受影响,没有受影响,有些受影响
41,积极影响,不适用,没有受影响,有些受影响,有些受影响,有些受影响,非常受影响,没有受影响,没有受影响,没有受影响
42,既有积极和消极影响,两者相,非常受影响,非常受影响,有些受影响,没有受影响,有些受影响,有些受影响,非常受影响,非常受影响
43,积极影响,不适用,非常受影响,没有受影响,没有受影响,没有受影响,非常受影响,没有受影响,没有受影响,没有受影响
44,没有影响,不适用,非常受影响,有些受影响,非常受影响,没有受影响,没有受影响,有些受影响,没有受影响,没有受影响
45,积极影响,不适用,没有受影响,有些受影响,有些受影响,有些受影响,有些受影响,非常受影响,有些受影响,没有受影响
46,既有积极和消极影响,不知道,非常受影响,非常受影响,非常受影响,没有受影响,非常受影响,没有受影响,没有受影响,没有受影响
47,消极影响,不适用,有些受影响,非常受影响,非常受影响,没有受影响,没有受影响,非常受影响,有些受影响,没有受影响
48,既有积极和消极影响,积极影,没有受影响,有些受影响,没有受影响,没有受影响,没有受影响,没有受影响,没有受影响,没有受影响
49,既有积极和消极影响,消极影,没有受影响,有些受影响,有些受影响,没有受影响,有些受影响,没有受影响,没有受影响,非常受影响
50,积极影响,不适用,非常受影响,有些受影响,有些受影响,非常受影响,没有受影响,没有受影响,有些受影响,没有受影响
51,没有影响,不适用,没有受影响,有些受影响,有些受影响,没有受影响,没有受影响,没有受影响,非常受影响,没有受影响
52,既有积极和消极影响,消极影,非常受影响,没有受影响,有些受影响,非常受影响,非常受影响,有些受影响,没有受影响,没有受影响
53,没有影响,不适用,没有受影响,没有受影响,没有受影响,有些受影响,有些受影响,非常受影响,没有受影响,没有受影响
54,没有影响,不适用,非常受影响,没有受影响,没有受影响,没有受影响,没有受影响,没有受影响,有些受影响,有些受影响
55,既有积极和消极影响,不知道,非常受影响,非常受影响,没有受影响,没有受影响,没有受影响,没有受影响,没有受影响,没有受影响
56,没有影响,不适用,没有受影响,有些受影响,没有受影响,没有受影响,没有受影响,没有受影响,没有受影响,没有受影响
57,积极影响,不适用,非常受影响,非常受影响,非常受影响,没有受影响,有些受影响,没有受影响,没有受影响,没有受影响
58,积极影响,不适用,非常受影响,非常受影响,没有受影响,没有受影响,非常受影响,没有受影响,没有受影响,没有受影响
59,积极影响,不适用,没有受影响,没有受影响,有些受影响,没有受影响,有些受影响,没有受影响,没有受影响,有些受影响
60,消极影响,不适用,没有受影响,非常受影响,非常受影响,没有受影响,有些受影响,有些受影响,没有受影响,非常受影响
61,消极影响,不适用,没有受影响,有些受影响,没有受影响,非常受影响,有些受影响,没有受影响,没有受影响,没有受影响
62,积极影响,不适用,没有受影响,没有受影响,非常受影响,非常受影响,非常受影响,没有受影响,有些受影响,有些受影响
63,既有积极和消极影响,两者相,有些受影响,没有受影响,没有受影响,有些受影响,没有受影响,有些受影响,有些受影响,没有受影响
64,消极影响,不适用,非常受影响,有些受影响,有些受影响,有些受影响,没有受影响,没有受影响,非常受影响,有些受影响
65,积极影响,不适用,非常受影响,非常受影响,没有受影响,非常受影响,没有受影响,没有受影响,没有受影响,非常受影响
66,既有积极和消极影响,两者相,非常受影响,有些受影响,没有受影响,非常受影响,没有受影响,没有受影响,没有受影响,没有受影响
67,积极影响,不适用,没有受影响,有些受影响,没有受影响,非常受影响,有些受影响,非常受影响,非常受影响,没有受影响
68,既有积极和消极影响,消极影,有些受影响,非常受影响,没有受影响,没有受影响,没有受影响,有些受影响,没有受影响,没有受影响
69,积极影响,不适用,非常受影响,有些受影响,没有受影响,有些受影响,有些受影响,没有受影响,没有受影响,没有受影响
70,没有影响,不适用,有些受影响,非常受影响,非常受影响,有些受影响,没有受影响,没有受影响,非常受影响,有些受影响
71,既有积极和消极影响,消极影,没有受影响,非常受影响,有些受影响,非常受影响,没有受影响,有些受影响,没有受影响,没有受影响
72,积极影响,不适用,非常受影响,有些受影响,非常受影响,没有受影响,没有受影响,非常受影响,有些受影响,没有受影响
73,积极影响,不适用,有些受影响,非常受影响,没有受影响,非常受影响,没有受影响,没有受影响,非常受影响,非常受影响
74,既有积极和消极影响,积极影,有些受影响,有些受影响,有些受影响,非常受影响,没有受影响,有些受影响,没有受影响,没有受影响
75,既有积极和消极影响,积极影,有些受影响,没有受影响,没有受影响,没有受影响,有些受影响,没有受影响,没有受影响,没有受影响
76,既有积极和消极影响,两者相,非常受影响,没有受影响,非常受影响,非常受影响,有些受影响,没有受影响,非常受影响,没有受影响
77,既有积极和消极影响,两者相,没有受影响,非常受影响,非常受影响,非常受影响,没有受影响,非常受影响,没有受影响,有些受影响
78,积极影响,不适用,没有受影响,非常受影响,没有受影响,非常受影响,非常受影响,没有受影响,没有受影响,非常受影响
79,消极影响,不适用,有些受影响,非常受影响,非常受影响,非常受影响,没有受影响,非常受影响,非常受影响,有些受影响
80,积极影响,不适用,没有受影响,没有受影响,非常受影响,非常受影响,没有受影响,有些受影响,有些受影响,没有受影响
81,既有积极和消极影响,不知道,没有受影响,没有受影响,非常受影响,有些受影响,有些受影响,没有受影响,没有受影响,没有受影响
82,既有积极和消极影响,不知道,没有受影响,非常受影响,没有受影响,没有受影响,没有受影响,没有受影响,有些受影响,非常受影响
83,消极影响,不适用,非常受影响,没有受影响,没有受影响,没有受影响,没有受影响,没有受影响,没有受影响,没有受影响
84,积极影响,不适用,有些受影响,非常受影响,非常受影响,没有受影响,没有受影响,没有受影响,没有受影响,没有受影响
85,消极影响,不适用,有些受影响,有些受影响,非常受影响,非常受影响,没有受影响,有些受影响,没有受影响,没有受影响
86,消极影响,不适用,有些受影响,没有受影响,非常受影响,没有受影响,没有受影响,有些受影响,有些受影响,没有受影响
87,既有积极和消极影响,消极影,没有受影响,没有受影响,没有受影响,有些受影响,没有受影响,有些受影响,没有受影响,非常受影响
88,既有积极和消极影响,两者相,没有受影响,没有受影响,没有受影响,非常受影响,没有受影响,有些受影响,没有受影响,没有受影响
89,没有影响,不适用,没有受影响,没有受影响,非常受影响,没有受影响,有些受影响,非常受影响,有些受影响,没有受影响
90,既有积极和消极影响,不知道,有些受影响,有些受影响,非常受影响,非常受影响,没有受影响,有些受影响,非常受影响,没有受影响
91,积极影响,不适用,非常受影响,没有受影响,非常受影响,有些受影响,没有受影响,没有受影响,非常受影响,没有受影响
92,既有积极和消极影响,两者相,没有受影响,非常受影响,没有受影响,没有受影响,有些受影响,没有受影响,没有受影响,有些受影响
93,既有积极和消极影响,积极影,没有受影响,没有受影响,没有受影响,没有受影响,没有受影响,没有受影响,没有受影响,没有受影响
94,既有积极和消极影响,消极影,非常受影响,有些受影响,非常受影响,没有受影响,没有受影响,没有受影响,有些受影响,非常受影响
95,既有积极和消极影响,积极影,没有受影响,没有受影响,非常受影响,没有受影响,有些受影响,非常受影响,没有受影响,没有受影响
96,既有积极和消极影响,不知道,没有受影响,有些受影响,非常受影响,没有受影响,没有受影响,有些受影响,有些受影响,没有受影响
97,既有积极和消极影响,消极影,有些受影响,没有受影响,没有受影响,非常受影响,没有受影响,没有受影响,没有受影响,有些受影响
98,既有积极和消极影响,积极影,有些受影响,有些受影响,非常受影响,非常受影响,没有受影响,没有受影响,有些受影响,没有受影响
99,积极影响,不适用,非常受影响,没有受影响,没有受影响,有些受影响,非常受影响,非常受影响,没有受影响,非常受影响
100,积极影响,不适用,非常受影响,非常受影响,没有受影响,有些受影响,非常受影响,没有受影响,没有受影响,没有受影响
101,积极影响,不适用,非常受影响,非常受影响,有些受影响,有些受影响,有些受影响,没有受影响,没有受影响,没有受影响
102,既有积极和消极影响,两者相,没有受影响,非常受影响,非常受影响,没有受影响,没有受影响,没有受影响,有些受影响,没有受影响
103,消极影响,不适用,非常受影响,非常受影响,非常受影响,没有受影响,有些受影响,非常受影响,有些受影响,没有受影响
104,既有积极和消极影响,消极影,非常受影响,没有受影响,没有受影响,没有受影响,没有受影响,没有受影响,没有受影响,没有受影响
105,没有影响,不适用,非常受影响,非常受影响,没有受影响,有些受影响,有些受影响,没有受影响,有些受影响,没有受影响
106,积极影响,不适用,有些受影响,没有受影响,没有受影响,没有受影响,有些受影响,没有受影响,有些受影响,没有受影响
107,消极影响,不适用,没有受影响,有些受影响,有些受影响,没有受影响,没有受影响,没有受影响,非常受影响,没有受影响
108,既有积极和消极影响,积极影,非常受影响,非常受影响,非常受影响,没有受影响,没有受影响,没有受影响,没有受影响,非常受影响
109,积极影响,不适用,非常受影响,没有受影响,没有受影响,非常受影响,非常受影响,没有受影响,没有受影响,没有受影响
110,积极影响,不适用,没有受影响,没有受影响,没有受影响,没有受影响,有些受影响,非常受影响,没有受影响,非常受影响
111,积极影响,不适用,有些受影响,有些受影响,非常受影响,非常受影响,非常受影响,没有受影响,有些受影响,没有受影响
112,积极影响,不适用,非常受影响,有些受影响,没有受影响,非常受影响,没有受影响,没有受影响,有些受影响,有些受影响
113,没有影响,不适用,有些受影响,没有受影响,没有受影响,非常受影响,没有受影响,没有受影响,没有受影响,非常受影响
114,既有积极和消极影响,积极影,非常受影响,非常受影响,有些受影响,没有受影响,非常受影响,非常受影响,没有受影响,没有受影响
115,既有积极和消极影响,两者相,非常受影响,没有受影响,没有受影响,没有受影响,有些受影响,有些受影响,有些受影响,没有受影响
116,既有积极和消极影响,消极影,有些受影响,没有受影响,没有受影响,非常受影响,有些受影响,没有受影响,没有受影响,没有受影响
117,既有积极和消极影响,两者相,有些受影响,没有受影响,没有受影响,有些受影响,没有受影响,没有受影响,有些受影响,非常受影响
118,积极影响,不适用,没有受影响,非常受影响,非常受影响,有些受影响,没有受影响,没有受影响,没有受影响,没有受影响
119,没有影响,不适用,非常受影响,没有受影响,非常受影响,有些受影响,非常受影响,没有受影响,非常受影响,没有受影响
120,既有积极和消极影响,消极影,有些受影响,非常受影响,没有受影响,非常受影响,没有受影响,没有受影响,没有受影响,没有受影响
121,既有积极和消极影响,两者相,有些受影响,非常受影响,非常受影响,有些受影响,有些受影响,没有受影响,没有受影响,有些受影响
122,没有影响,不适用,非常受影响,非常受影响,有些受影响,没有受影响,有些受影响,没有受影响,没有受影响,没有受影响
123,消极影响,不适用,没有受影响,有些受影响,有些受影响,非常受影响,没有受影响,没有受影响,非常受影响,非常受影响
124,积极影响,不适用,非常受影响,没有受影响,有些受影响,非常受影响,没有受影响,没有受影响,没有受影响,没有受影响
125,积极影响,不适用,没有受影响,没有受影响,没有受影响,有些受影响,没有受影响,非常受影响,没有受影响,没有受影响
126,既有积极和消极影响,消极影,非常受影响,没有受影响,没有受影响,没有受影响,没有受影响,没有受影响,有些受影响,没有受影响
127,既有积极和消极影响,消极影,有些受影响,有些受影响,非常受影响,没有受影响,有些受影响,没有受影响,没有受影响,有些受影响
128,既有积极和消极影响,两者相,非常受影响,有些受影响,非常受影响,没有受影响,没有受影响,有些受影响,没有受影响,没有受影响
129,积极影响,不适用,没有受影响,有些受影响,非常受影响,有些受影响,有些受影响,有些受影响,没有受影响,没有受影响
130,既有积极和消极影响,消极影,有些受影响,没有受影响,没有受影响,没有受影响,没有受影响,有些受影响,没有受影响,没有受影响
131,消极影响,不适用,有些受影响,非常受影响,没有受影响,非常受影响,有些受影响,有些受影响,非常受影响,没有受影响
132,积极影响,不适用,非常受影响,没有受影响,非常受影响,没有受影响,没有受影响,有些受影响,没有受影响,没有受影响
133,积极影响,不适用,没有受影响,有些受影响,没有受影响,没有受影响,有些受影响,有些受影响,非常受影响,没有受影响
134,消极影响,不适用,非常受影响,有些受影响,没有受影响,没有受影响,有些受影响,没有受影响,没有受影响,没有受影响
135,没有影响,不适用,没有受影响,没有受影响,没有受影响,没有受影响,没有受影响,没有受影响,没有受影响,没有受影响
136,消极影响,不适用,非常受影响,有些受影响,没有受影响,没有受影响,非常受影响,有些受影响,没有受影响,没有受影响
137,既有积极和消极影响,积极影,非常受影响,没有受影响,非常受影响,非常受影响,没有受影响,非常受影响,非常受影响,没有受影响
138,既有积极和消极影响,积极影,非常受影响,没有受影响,没有受影响,没有受影响,有些受影响,没有受影响,有些受影响,有些受影响
139,消极影响,不适用,有些受影响,有些受影响,有些受影响,非常受影响,非常受影响,有些受影响,没有受影响,没有受影响
140,没有影响,不适用,有些受影响,非常受影响,没有受影响,没有受影响,非常受影响,没有受影响,有些受影响,没有受影响
141,没有影响,不适用,非常受影响,有些受影响,没有受影响,非常受影响,有些受影响,没有受影响,没有受影响,有些受影响
142,积极影响,不适用,没有受影响,没有受影响,没有受影响,非常受影响,没有受影响,没有受影响,没有受影响,非常受影响
143,既有积极和消极影响,两者相,有些受影响,非常受影响,没有受影响,有些受影响,有些受影响,有些受影响,没有受影响,没有受影响
144,积极影响,不适用,有些受影响,没有受影响,非常受影响,非常受影响,没有受影响,没有受影响,有些受影响,没有受影响
145,积极影响,不适用,有些受影响,没有受影响,有些受影响,没有受影响,没有受影响,有些受影响,有些受影响,没有受影响
146,积极影响,不适用,非常受影响,没有受影响,没有受影响,没有受影响,有些受影响,没有受影响,非常受影响,有些受影响
147,既有积极和消极影响,消极影,有些受影响,非常受影响,没有受影响,非常受影响,没有受影响,没有受影响,有些受影响,没有受影响
148,既有积极和消极影响,两者相,非常受影响,没有受影响,非常受影响,非常受影响,没有受影响,有些受影响,没有受影响,非常受影响
149,积极影响,不适用,非常受影响,没有受影响,非常受影响,没有受影响,没有受影响,有些受影响,没有受影响,没有受影响
150,积极影响,不适用,没有受影响,非常受影响,非常受影响,有些受影响,有些受影响,有些受影响,没有受影响,有些受影响
151,没有影响,不适用,没有受影响,非常受影响,没有受影响,没有受影响,有些受影响,没有受影响,非常受影响,有些受影响
152,积极影响,不适用,非常受影响,没有受影响,没有受影响,没有受影响,没有受影响,有些受影响,有些受影响,有些受影响
153,积极影响,不适用,非常受影响,非常受影响,非常受影响,没有受影响,没有受影响,没有受影响,有些受影响,没有受影响
154,既有积极和消极影响,积极影,没有受影响,没有受影响,有些受影响,没有受影响,没有受影响,有些受影响,有些受影响,非常受影响
155,没有影响,不适用,非常受影响,有些受影响,没有受影响,有些受影响,有些受影响,没有受影响,没有受影响,没有受影响
156,积极影响,不适用,非常受影响,非常受影响,没有受影响,没有受影响,没有受影响,没有受影响,非常受影响,没有受影响
157,既有积极和消极影响,积极影,非常受影响,没有受影响,有些受影响,非常受影响,没有受影响,没有受影响,没有受影响,没有受影响
158,既有积极和消极影响,积极影,没有受影响,有些受影响,有些受影响,非常受影响,没有受影响,没有受影响,有些受影响,没有受影响
159,积极影响,不适用,没有受影响,有些受影响,有些受影响,没有受影响,有些受影响,有些受影响,没有受影响,没有受影响
160,既有积极和消极影响,积极影,非常受影响,有些受影响,非常受影响,有些受影响,没有受影响,非常受影响,没有受影响,非常受影响
161,消极影响,不适用,非常受影响,有些受影响,有些受影响,没有受影响,有些受影响,没有受影响,有些受影响,没有受影响
162,既有积极和消极影响,消极影,非常受影响,非常受影响,没有受影响,没有受影响,有些受影响,有些受影响,没有受影响,非常受影响
163,既有积极和消极影响,消极影,没有受影响,有些受影响,没有受影响,没有受影响,没有受影响,没有受影响,没有受影响,非常受影响
164,既有积极和消极影响,消极影,非常受影响,没有受影响,没有受影响,没有受影响,有些受影响,非常受影响,没有受影响,没有受影响
165,积极影响,不适用,非常受影响,非常受影响,没有受影响,有些受影响,非常受影响,有些受影响,有些受影响,没有受影响
166,既有积极和消极影响,两者相,没有受影响,没有受影响,非常受影响,有些受影响,非常受影响,非常受影响,没有受影响,没有受影响
167,消极影响,不适用,非常受影响,有些受影响,有些受影响,没有受影响,没有受影响,没有受影响,没有受影响,没有受影响
168,积极影响,不适用,没有受影响,没有受影响,非常受影响,有些受影响,没有受影响,有些受影响,没有受影响,没有受影响
169,积极影响,不适用,非常受影响,非常受影响,非常受影响,没有受影响,有些受影响,没有受影响,没有受影响,非常受影响
170,既有积极和消极影响,积极影,非常受影响,没有受影响,没有受影响,没有受影响,没有受影响,非常受影响,没有受影响,非常受影响
171,既有积极和消极影响,消极影,非常受影响,有些受影响,没有受影响,没有受影响,没有受影响,没有受影响,有些受影响,非常受影响
172,积极影响,不适用,没有受影响,非常受影响,非常受影响,有些受影响,有些受影响,有些受影响,没有受影响,有些受影响
173,既有积极和消极影响,两者相,没有受影响,非常受影响,有些受影响,非常受影响,没有受影响,没有受影响,没有受影响,没有受影响
174,积极影响,不适用,没有受影响,非常受影响,没有受影响,有些受影响,没有受影响,没有受影响,没有受影响,没有受影响
175,既有积极和消极影响,消极影,非常受影响,有些受影响,非常受影响,非常受影响,没有受影响,有些受影响,没有受影响,非常受影响
176,积极影响,不适用,没有受影响,有些受影响,有些受影响,没有受影响,有些受影响,没有受影响,没有受影响,没有受影响
177,既有积极和消极影响,消极影,非常受影响,没有受影响,没有受影响,有些受影响,没有受影响,没有受影响,没有受影响,没有受影响
178,消极影响,不适用,非常受影响,有些受影响,没有受影响,非常受影响,没有受影响,没有受影响,非常受影响,有些受影响
179,没有影响,不适用,没有受影响,非常受影响,非常受影响,非常受影响,有些受影响,没有受影响,没有受影响,非常受影响
180,积极影响,不适用,非常受影响,没有受影响,非常受影响,没有受影响,有些受影响,有些受影响,没有受影响,有些受影响
181,消极影响,不适用,非常受影响,没有受影响,没有受影响,没有受影响,非常受影响,没有受影响,没有受影响,非常受影响
182,积极影响,不适用,非常受影响,非常受影响,有些受影响,有些受影响,非常受影响,非常受影响,没有受影响,非常受影响
183,没有影响,不适用,非常受影响,非常受影响,非常受影响,非常受影响,没有受影响,非常受影响,有些受影响,没有受影响
184,既有积极和消极影响,两者相,非常受影响,非常受影响,没有受影响,有些受影响,非常受影响,没有受影响,没有受影响,有些受影响
185,积极影响,不适用,有些受影响,没有受影响,非常受影响,有些受影响,有些受影响,有些受影响,有些受影响,有些受影响
186,既有积极和消极影响,不知道,有些受影响,没有受影响,没有受影响,没有受影响,没有受影响,没有受影响,没有受影响,没有受影响
187,既有积极和消极影响,积极影,没有受影响,有些受影响,非常受影响,没有受影响,非常受影响,没有受影响,没有受影响,没有受影响
188,既有积极和消极影响,两者相,没有受影响,没有受影响,没有受影响,有些受影响,没有受影响,没有受影响,没有受影响,没有受影响
189,既有积极和消极影响,消极影,非常受影响,没有受影响,有些受影响,非常受影响,有些受影响,没有受影响,有些受影响,非常受影响
190,积极影响,不适用,非常受影响,有些受影响,非常受影响,没有受影响,有些受影响,有些受影响,没有受影响,没有受影响
191,积极影响,不适用,非常受影响,没有受影响,非常受影响,有些受影响,有些受影响,非常受影响,有些受影响,没有受影响
192,没有影响,不适用,有些受影响,非常受影响,非常受影响,没有受影响,有些受影响,有些受影响,非常受影响,非常受影响
193,没有影响,不适用,非常受影响,非常受影响,没有受影响,非常受影响,非常受影响,非常受影响,有些受影响,非常受影响
194,既有积极和消极影响,积极影,有些受影响,非常受影响,没有受影响,没有受影响,没有受影响,非常受影响,非常受影响,没有受影响
195,消极影响,不适用,非常受影响,非常受影响,有些受影响,非常受影响,没有受影响,有些受影响,没有受影响,没有受影响
196,消极影响,不适用,有些受影响,有些受影响,有些受影响,没有受影响,有些受影响,没有受影响,没有受影响,没有受影响
197,既有积极和消极影响,消极影,有些受影响,没有受影响,没有受影响,没有受影响,没有受影响,没有受影响,有些受影响,没有受影响
198,没有影响,不适用,非常受影响,非常受影响,没有受影响,有些受影响,没有受影响,有些受影响,没有受影响,没有受影响
199,没有影响,不适用,没有受影响,非常受影响,有些受影响,非常受影响,没有受影响,没有受影响,有些受影响,非常受影响
200,既有积极和消极影响,不知道,没有受影响,有些受影响,有些受影响,非常受影响,有些受影响,有些受影响,没有受影响,有些受影响
201,既有积极和消极影响,消极影,非常受影响,没有受影响,有些受影响,有些受影响,有些受影响,非常受影响,没有受影响,有些受影响
202,积极影响,不适用,没有受影响,有些受影响,没有受影响,非常受影响,有些受影响,没有受影响,没有受影响,非常受影响
203,积极影响,不适用,有些受影响,有些受影响,非常受影响,非常受影响,没有受影响,没有受影响,有些受影响,没有受影响
204,没有影响,不适用,没有受影响,非常受影响,没有受影响,没有受影响,没有受影响,没有受影响,没有受影响,没有受影响
205,既有积极和消极影响,积极影,没有受影响,非常受影响,非常受影响,有些受影响,有些受影响,非常受影响,有些受影响,没有受影响
206,积极影响,不适用,有些受影响,没有受影响,没有受影响,非常受影响,有些受影响,没有受影响,没有受影响,有些受影响
207,积极影响,不适用,非常受影响,没有受影响,非常受影响,没有受影响,没有受影响,没有受影响,非常受影响,没有受影响
208,既有积极和消极影响,两者相,非常受影响,非常受影响,有些受影响,非常受影响,没有受影响,没有受影响,没有受影响,有些受影响
209,积极影响,不适用,有些受影响,没有受影响,有些受影响,没有受影响,没有受影响,没有受影响,没有受影响,非常受影响
210,积极影响,不适用,有些受影响,没有受影响,没有受影响,有些受影响,没有受影响,没有受影响,没有受影响,有些受影响
211,既有积极和消极影响,积极影,非常受影响,没有受影响,非常受影响,没有受影响,有些受影响,没有受影响,非常受影响,没有受影响
212,既有积极和消极影响,积极影,非常受影响,有些受影响,有些受影响,没有受影响,没有受影响,没有受影响,没有受影响,没有受影响
213,既有积极和消极影响,积极影,没有受影响,有些受影响,有些受影响,没有受影响,没有受影响,没有受影响,有些受影响,没有受影响
214,积极影响,不适用,没有受影响,有些受影响,有些受影响,没有受影响,非常受影响,没有受影响,没有受影响,没有受影响
215,既有积极和消极影响,积极影,有些受影响,没有受影响,没有受影响,非常受影响,没有受影响,没有受影响,有些受影响,没有受影响
216,积极影响,不适用,非常受影响,非常受影响,没有受影响,没有受影响,没有受影响,没有受影响,有些受影响,非常受影响
217,消极影响,不适用,非常受影响,非常受影响,没有受影响,有些受影响,有些受影响,有些受影响,没有受影响,有些受影响
218,既有积极和消极影响,积极影,非常受影响,有些受影响,非常受影响,有些受影响,没有受影响,有些受影响,没有受影响,有些受影响
219,既有积极和消极影响,积极影,没有受影响,没有受影响,没有受影响,有些受影响,没有受影响,没有受影响,有些受影响,没有受影响
220,既有积极和消极影响,两者相,非常受影响,非常受影响,有些受影响,没有受影响,没有受影响,没有受影响,有些受影响,没有受影响
221,既有积极和消极影响,积极影,有些受影响,没有受影响,非常受影响,非常受影响,非常受影响,没有受影响,没有受影响,有些受影响
222,既有积极和消极影响,积极影,非常受影响,没有受影响,非常受影响,没有受影响,有些受影响,有些受影响,没有受影响,没有受影响
223,积极影响,不适用,有些受影响,非常受影响,非常受影响,没有受影响,没有受影响,没有受影响,没有受影响,没有受影响
224,消极影响,不适用,没有受影响,没有受影响,没有受影响,没有受影响,有些受影响,有些受影响,非常受影响,有些受影响
225,积极影响,不适用,没有受影响,有些受影响,没有受影响,没有受影响,没有受影响,没有受影响,有些受影响,没有受影响
226,积极影响,不适用,非常受影响,没有受影响,没有受影响,有些受影响,没有受影响,没有受影响,非常受影响,没有受影响
227,没有影响,不适用,非常受影响,非常受影响,有些受影响,非常受影响,非常受影响,没有受影响,非常受影响,没有受影响
228,消极影响,不适用,非常受影响,没有受影响,有些受影响,非常受影响,没有受影响,没有受影响,没有受影响,有些受影响
229,没有影响,不适用,没有受影响,没有受影响,非常受影响,非常受影响,没有受影响,没有受影响,没有受影响,没有受影响
230,既有积极和消极影响,两者相,没有受影响,没有受影响,非常受影响,非常受影响,有些受影响,没有受影响,有些受影响,有些受影响
231,既有积极和消极影响,消极影,有些受影响,没有受影响,有些受影响,有些受影响,没有受影响,非常受影响,有些受影响,没有受影响
232,既有积极和消极影响,两者相,有些受影响,有些受影响,非常受影响,非常受影响,没有受影响,没有受影响,非常受影响,没有受影响
233,既有积极和消极影响,积极影,没有受影响,没有受影响,非常受影响,没有受影响,没有受影响,没有受影响,没有受影响,没有受影响
234,既有积极和消极影响,积极影,非常受影响,没有受影响,没有受影响,没有受影响,没有受影响,没有受影响,没有受影响,没有受影响
235,积极影响,不适用,没有受影响,有些受影响,没有受影响,有些受影响,没有受影响,有些受影响,非常受影响,没有受影响
236,既有积极和消极影响,积极影,有些受影响,非常受影响,没有受影响,没有受影响,没有受影响,没有受影响,有些受影响,没有受影响
237,积极影响,不适用,非常受影响,没有受影响,没有受影响,非常受影响,没有受影响,非常受影响,没有受影响,非常受影响
238,积极影响,不适用,有些受影响,没有受影响,没有受影响,有些受影响,没有受影响,没有受影响,没有受影响,没有受影响
239,既有积极和消极影响,积极影,非常受影响,没有受影响,有些受影响,没有受影响,没有受影响,没有受影响,没有受影响,非常受影响
240,积极影响,不适用,非常受影响,非常受影响,没有受影响,没有受影响,有些受影响,没有受影响,非常受影响,没有受影响
241,没有影响,不适用,没有受影响,没有受影响,没有受影响,有些受影响,没有受影响,没有受影响,非常受影响,没有受影响
242,没有影响,不适用,非常受影响,有些受影响,非常受影响,没有受影响,有些受影响,有些受影响,没有受影响,没有受影响
243,没有影响,不适用,有些受影响,没有受影响,有些受影响,没有受影响,有些受影响,非常受影响,有些受影响,没有受影响
244,消极影响,不适用,非常受影响,非常受影响,没有受影响,没有受影响,有些受影响,没有受影响,非常受影响,没有受影响
245,积极影响,不适用,非常受影响,没有受影响,有些受影响,没有受影响,没有受影响,没有受影响,没有受影响,非常受影响
246,没有影响,不适用,非常受影响,没有受影响,有些受影响,没有受影响,没有受影响,非常受影响,非常受影响,没有受影响
247,既有积极和消极影响,积极影,非常受影响,非常受影响,有些受影响,非常受影响,没有受影响,没有受影响,没有受影响,没有受影响
248,没有影响,不适用,没有受影响,没有受影响,非常受影响,有些受影响,没有受影响,没有受影响,有些受影响,非常受影响
249,没有影响,不适用,非常受影响,有些受影响,非常受影响,非常受影响,没有受影响,没有受影响,非常受影响,有些受影响
250,既有积极和消极影响,积极影,有些受影响,没有受影响,非常受影响,有些受影响,没有受影响,没有受影响,没有受影响,没有受影响
251,积极影响,不适用,有些受影响,没有受影响,非常受影响,没有受影响,没有受影响,非常受影响,有些受影响,没有受影响
252,消极影响,不适用,没有受影响,有些受影响,非常受影响,非常受影响,有些受影响,非常受影响,没有受影响,没有受影响
253,既有积极和消极影响,积极影,没有受影响,没有受影响,没有受影响,没有受影响,有些受影响,没有受影响,没有受影响,没有受影响
254,消极影响,不适用,没有受影响,没有受影响,非常受影响,没有受影响,没有受影响,没有受影响,有些受影响,有些受影响
255,积极影响,不适用,非常受影响,有些受影响,有些受影响,没有受影响,没有受影响,没有受影响,没有受影响,有些受影响
256,既有积极和消极影响,积极影,非常受影响,有些受影响,非常受影响,没有受影响,有些受影响,没有受影响,有些受影响,没有受影响
257,没有影响,不适用,非常受影响,没有受影响,没有受影响,没有受影响,非常受影响,没有受影响,没有受影响,没有受影响
258,既有积极和消极影响,消极影,有些受影响,没有受影响,非常受影响,非常受影响,没有受影响,没有受影响,有些受影响,没有受影响
259,既有积极和消极影响,积极影,非常受影响,没有受影响,有些受影响,没有受影响,非常受影响,没有受影响,没有受影响,有些受影响
260,积极影响,不适用,有些受影响,没有受影响,没有受影响,非常受影响,没有受影响,没有受影响,非常受影响,没有受影响
261,既有积极和消极影响,积极影,有些受影响,有些受影响,没有受影响,没有受影响,没有受影响,有些受影响,没有受影响,没有受影响
262,不知道,不适用,非常受影响,没有受影响,非常受影响,非常受影响,有些受影响,非常受影响,没有受影响,有些受影响
263,积极影响,不适用,没有受影响,非常受影响,没有受影响,没有受影响,有些受影响,没有受影响,没有受影响,没有受影响
264,既有积极和消极影响,消极影,非常受影响,有些受影响,有些受影响,没有受影响,没有受影响,有些受影响,有些受影响,没有受影响
265,既有积极和消极影响,两者相,非常受影响,非常受影响,有些受影响,非常受影响,没有受影响,没有受影响,有些受影响,没有受影响
266,既有积极和消极影响,积极影,没有受影响,有些受影响,非常受影响,有些受影响,没有受影响,没有受影响,没有受影响,有些受影响
267,既有积极和消极影响,两者相,有些受影响,有些受影响,非常受影响,没有受影响,没有受影响,没有受影响,没有受影响,没有受影响
268,既有积极和消极影响,消极影,没有受影响,有些受影响,没有受影响,有些受影响,非常受影响,有些受影响,非常受影响,非常受影响
269,消极影响,不适用,有些受影响,没有受影响,有些受影响,没有受影响,没有受影响,非常受影响,没有受影响,有些受影响
270,积极影响,不适用,非常受影响,有些受影响,有些受影响,没有受影响,没有受影响,非常受影响,有些受影响,没有受影响
271,既有积极和消极影响,积极影,没有受影响,有些受影响,没有受影响,有些受影响,没有受影响,有些受影响,没有受影响,没有受影响
272,既有积极和消极影响,两者相,没有受影响,非常受影响,没有受影响,非常受影响,有些受影响,非常受影响,非常受影响,有些受影响
273,既有积极和消极影响,两者相,没有受影响,有些受影响,非常受影响,非常受影响,没有受影响,没有受影响,有些受影响,没有受影响
274,没有影响,不适用,非常受影响,非常受影响,没有受影响,没有受影响,没有受影响,没有受影响,没有受影响,没有受影响
275,既有积极和消极影响,积极影,有些受影响,非常受影响,非常受影响,有些受影响,有些受影响,没有受影响,非常受影响,没有受影响
276,既有积极和消极影响,积极影,非常受影响,有些受影响,没有受影响,没有受影响,非常受影响,没有受影响,没有受影响,没有受影响
277,既有积极和消极影响,两者相,非常受影响,没有受影响,没有受影响,没有受影响,没有受影响,有些受影响,没有受影响,没有受影响
278,既有积极和消极影响,两者相,没有受影响,没有受影响,没有受影响,没有受影响,有些受影响,没有受影响,有些受影响,没有受影响
279,既有积极和消极影响,积极影,非常受影响,有些受影响,非常受影响,没有受影响,有些受影响,没有受影响,有些受影响,非常受影响
280,既有积极和消极影响,积极影,没有受影响,有些受影响,非常受影响,没有受影响,有些受影响,有些受影响,没有受影响,有些受影响
281,没有影响,不适用,有些受影响,没有受影响,非常受影响,有些受影响,没有受影响,没有受影响,有些受影响,没有受影响
282,消极影响,不适用,非常受影响,有些受影响,非常受影响,没有受影响,没有受影响,有些受影响,没有受影响,没有受影响
283,消极影响,不适用,有些受影响,有些受影响,非常受影响,没有受影响,没有受影响,没有受影响,没有受影响,没有受影响
284,积极影响,不适用,没有受影响,非常受影响,没有受影响,没有受影响,有些受影响,没有受影响,没有受影响,有些受影响
285,既有积极和消极影响,积极影,没有受影响,有些受影响,非常受影响,没有受影响,没有受影响,非常受影响,有些受影响,非常受影响
286,积极影响,不适用,没有受影响,有些受影响,非常受影响,非常受影响,没有受影响,没有受影响,非常受影响,没有受影响
287,既有积极和消极影响,消极影,没有受影响,有些受影响,没有受影响,非常受影响,没有受影响,没有受影响,有些受影响,有些受影响
288,既有积极和消极影响,消极影,没有受影响,有些受影响,有些受影响,没有受影响,没有受影响,没有受影响,有些受影响,没有受影响
289,积极影响,不适用,没有受影响,有些受影响,没有受影响,有些受影响,非常受影响,没有受影响,没有受影响,非常受影响
290,既有积极和消极影响,积极影,非常受影响,有些受影响,非常受影响,没有受影响,没有受影响,没有受影响,没有受影响,没有受影响
291,积极影响,不适用,有些受影响,没有受影响,有些受影响,没有受影响,非常受影响,非常受影响,非常受影响,没有受影响
292,积极影响,不适用,非常受影响,没有受影响,非常受影响,非常受影响,没有受影响,有些受影响,非常受影响,有些受影响
293,既有积极和消极影响,消极影,没有受影响,没有受影响,非常受影响,没有受影响,有些受影响,非常受影响,有些受影响,没有受影响
294,消极影响,不适用,没有受影响,没有受影响,没有受影响,有些受影响,有些受影响,没有受影响,没有受影响,非常受影响
295,积极影响,不适用,非常受影响,非常受影响,非常受影响,没有受影响,有些受影响,没有受影响,有些受影响,没有受影响
296,既有积极和消极影响,两者相,没有受影响,非常受影响,有些受影响,没有受影响,没有受影响,没有受影响,没有受影响,没有受影响
297,既有积极和消极影响,积极影,没有受影响,非常受影响,有些受影响,没有受影响,有些受影响,没有受影响,有些受影响,没有受影响
298,积极影响,不适用,非常受影响,没有受影响,非常受影响,非常受影响,没有受影响,非常受影响,没有受影响,没有受影响
299,既有积极和消极影响,积极影,有些受影响,没有受影响,没有受影响,有些受影响,有些受影响,有些受影响,没有受影响,没有受影响
300,积极影响,不适用,没有受影响,非常受影响,非常受影响,没有受影响,非常受影响,非常受影响,有些受影响,有些受影响
301,积极影响,不适用,非常受影响,没有受影响,没有受影响,没有受影响,没有受影响,有些受影响,有些受影响,非常受影响
302,既有积极和消极影响,两者相,没有受影响,非常受影响,没有受影响,没有受影响,有些受影响,有些受影响,没有受影响,没有受影响
303,既有积极和消极影响,两者相,非常受影响,没有受影响,有些受影响,非常受影响,有些受影响,没有受影响,有些受影响,没有受影响
304,既有积极和消极影响,消极影,没有受影响,有些受影响,没有受影响,非常受影响,没有受影响,有些受影响,没有受影响,没有受影响
305,既有积极和消极影响,消极影,没有受影响,非常受影响,非常受影响,有些受影响,有些受影响,非常受影响,没有受影响,没有受影响
306,没有影响,不适用,没有受影响,有些受影响,有些受影响,没有受影响,非常受影响,非常受影响,没有受影响,没有受影响
307,既有积极和消极影响,积极影,有些受影响,非常受影响,非常受影响,非常受影响,有些受影响,非常受影响,没有受影响,没有受影响
308,消极影响,不适用,没有受影响,有些受影响,没有受影响,非常受影响,没有受影响,没有受影响,有些受影响,没有受影响
309,既有积极和消极影响,消极影,没有受影响,有些受影响,没有受影响,没有受影响,没有受影响,没有受影响,有些受影响,没有受影响
310,积极影响,不适用,非常受影响,没有受影响,非常受影响,非常受影响,没有受影响,没有受影响,没有受影响,没有受影响
311,既有积极和消极影响,消极影,没有受影响,有些受影响,没有受影响,没有受影响,没有受影响,没有受影响,有些受影响,有些受影响
312,积极影响,不适用,非常受影响,有些受影响,非常受影响,没有受影响,有些受影响,有些受影响,没有受影响,有些受影响
313,积极影响,不适用,有些受影响,没有受影响,有些受影响,没有受影响,有些受影响,没有受影响,有些受影响,有些受影响
314,没有影响,不适用,非常受影响,没有受影响,有些受影响,非常受影响,没有受影响,有些受影响,非常受影响,有些受影响
315,既有积极和消极影响,积极影,非常受影响,非常受影响,没有受影响,非常受影响,非常受影响,有些受影响,没有受影响,有些受影响
316,既有积极和消极影响,积极影,非常受影响,有些受影响,没有受影响,没有受影响,有些受影响,有些受影响,有些受影响,没有受影响
317,消极影响,不适用,没有受影响,非常受影响,非常受影响,没有受影响,有些受影响,非常受影响,没有受影响,没有受影响
318,积极影响,不适用,非常受影响,非常受影响,非常受影响,没有受影响,有些受影响,有些受影响,没有受影响,没有受影响
319,积极影响,不适用,没有受影响,没有受影响,非常受影响,非常受影响,没有受影响,有些受影响,没有受影响,没有受影响
320,积极影响,不适用,非常受影响,非常受影响,非常受影响,没有受影响,非常受影响,没有受影响,没有受影响,非常受影响
321,既有积极和消极影响,积极影,非常受影响,有些受影响,非常受影响,没有受影响,没有受影响,非常受影响,没有受影响,非常受影响
322,既有积极和消极影响,积极影,有些受影响,没有受影响,没有受影响,没有受影响,有些受影响,有些受影响,没有受影响,有些受影响
323,既有积极和消极影响,积极影,没有受影响,非常受影响,有些受影响,没有受影响,没有受影响,没有受影响,有些受影响,没有受影响
324,积极影响,不适用,非常受影响,有些受影响,有些受影响,没有受影响,非常受影响,非常受影响,没有受影响,有些受影响
325,没有影响,不适用,有些受影响,非常受影响,非常受影响,没有受影响,有些受影响,有些受影响,没有受影响,有些受影响
326,既有积极和消极影响,积极影,没有受影响,没有受影响,没有受影响,非常受影响,没有受影响,没有受影响,没有受影响,没有受影响
327,既有积极和消极影响,积极影,有些受影响,有些受影响,没有受影响,没有受影响,没有受影响,非常受影响,没有受影响,没有受影响
328,既有积极和消极影响,积极影,非常受影响,没有受影响,非常受影响,非常受影响,有些受影响,非常受影响,有些受影响,非常受影响
329,消极影响,不适用,非常受影响,有些受影响,没有受影响,有些受影响,有些受影响,没有受影响,没有受影响,没有受影响
330,积极影响,不适用,没有受影响,非常受影响,有些受影响,有些受影响,有些受影响,有些受影响,没有受影响,没有受影响
331,消极影响,不适用,非常受影响,没有受影响,非常受影响,非常受影响,有些受影响,没有受影响,有些受影响,没有受影响
332,既有积极和消极影响,两者相,没有受影响,没有受影响,有些受影响,有些受影响,有些受影响,没有受影响,没有受影响,没有受影响
333,积极影响,不适用,有些受影响,有些受影响,有些受影响,非常受影响,没有受影响,非常受影响,没有受影响,非常受影响
334,积极影响,不适用,没有受影响,没有受影响,非常受影响,没有受影响,有些受影响,没有受影响,没有受影响,有些受影响
335,积极影响,不适用,没有受影响,没有受影响,没有受影响,没有受影响,有些受影响,没有受影响,没有受影响,没有受影响
336,积极影响,不适用,没有受影响,非常受影响,没有受影响,非常受影响,没有受影响,非常受影响,没有受影响,没有受影响
337,既有积极和消极影响,消极影,非常受影响,非常受影响,没有受影响,没有受影响,没有受影响,没有受影响,非常受影响,没有受影响
338,既有积极和消极影响,两者相,没有受影响,没有受影响,有些受影响,没有受影响,没有受影响,有些受影响,没有受影响,没有受影响
339,既有积极和消极影响,两者相,非常受影响,有些受影响,有些受影响,非常受影响,非常受影响,没有受影响,非常受影响,没有受影响
340,积极影响,不适用,有些受影响,没有受影响,没有受影响,非常受影响,非常受影响,非常受影响,没有受影响,没有受影响
341,既有积极和消极影响,消极影,有些受影响,没有受影响,有些受影响,没有受影响,没有受影响,没有受影响,没有受影响,没有受影响
342,既有积极和消极影响,积极影,没有受影响,有些受影响,非常受影响,没有受影响,有些受影响,有些受影响,有些受影响,没有受影响
343,积极影响,不适用,没有受影响,非常受影响,有些受影响,没有受影响,非常受影响,没有受影响,有些受影响,有些受影响
344,既有积极和消极影响,消极影,没有受影响,没有受影响,没有受影响,非常受影响,没有受影响,非常受影响,没有受影响,没有受影响
345,消极影响,不适用,有些受影响,非常受影响,有些受影响,非常受影响,没有受影响,有些受影响,有些受影响,非常受影响
346,既有积极和消极影响,消极影,有些受影响,没有受影响,非常受影响,有些受影响,没有受影响,没有受影响,没有受影响,有些受影响
347,既有积极和消极影响,两者相,没有受影响,有些受影响,没有受影响,非常受影响,有些受影响,没有受影响,非常受影响,没有受影响
348,积极影响,不适用,非常受影响,没有受影响,非常受影响,非常受影响,非常受影响,没有受影响,非常受影响,有些受影响
349,消极影响,不适用,非常受影响,非常受影响,非常受影响,非常受影响,没有受影响,没有受影响,没有受影响,有些受影响
350,既有积极和消极影响,消极影,非常受影响,没有受影响,非常受影响,没有受影响,有些受影响,没有受影响,没有受影响,非常受影响
351,既有积极和消极影响,积极影,非常受影响,有些受影响,非常受影响,没有受影响,没有受影响,没有受影响,没有受影响,没有受影响
352,既有积极和消极影响,积极影,非常受影响,有些受影响,没有受影响,有些受影响,没有受影响,有些受影响,有些受影响,没有受影响
353,既有积极和消极影响,积极影,非常受影响,非常受影响,有些受影响,没有受影响,没有受影响,没有受影响,没有受影响,没有受影响
354,积极影响,不适用,非常受影响,没有受影响,非常受影响,有些受影响,有些受影响,没有受影响,没有受影响,有些受影响
355,积极影响,不适用,非常受影响,没有受影响,没有受影响,有些受影响,有些受影响,没有受影响,没有受影响,没有受影响
356,既有积极和消极影响,两者相,没有受影响,非常受影响,没有受影响,非常受影响,没有受影响,没有受影响,没有受影响,没有受影响
357,积极影响,不适用,有些受影响,非常受影响,没有受影响,没有受影响,没有受影响,有些受影响,没有受影响,有些受影响
358,既有积极和消极影响,消极影,非常受影响,非常受影响,非常受影响,没有受影响,没有受影响,有些受影响,没有受影响,没有受影响
359,没有影响,不适用,没有受影响,没有受影响,有些受影响,没有受影响,非常受影响,没有受影响,有些受影响,有些受影响
360,既有积极和消极影响,积极影,非常受影响,有些受影响,没有受影响,有些受影响,有些受影响,没有受影响,没有受影响,没有受影响
361,消极影响,不适用,没有受影响,有些受影响,没有受影响,没有受影响,没有受影响,没有受影响,有些受影响,没有受影响
362,既有积极和消极影响,不知道,没有受影响,非常受影响,非常受影响,非常受影响,没有受影响,没有受影响,没有受影响,没有受影响
363,既有积极和消极影响,消极影,非常受影响,有些受影响,非常受影响,没有受影响,没有受影响,没有受影响,有些受影响,有些受影响
364,既有积极和消极影响,积极影,有些受影响,有些受影响,有些受影响,没有受影响,有些受影响,有些受影响,没有受影响,没有受影响
365,没有影响,不适用,没有受影响,有些受影响,没有受影响,有些受影响,没有受影响,没有受影响,没有受影响,没有受影响
366,消极影响,不适用,没有受影响,没有受影响,有些受影响,没有受影响,没有受影响,有些受影响,有些受影响,没有受影响
367,没有影响,不适用,有些受影响,非常受影响,有些受影响,没有受影响,没有受影响,有些受影响,非常受影响,没有受影响
368,没有影响,不适用,有些受影响,没有受影响,非常受影响,非常受影响,有些受影响,没有受影响,非常受影响,没有受影响
369,积极影响,不适用,非常受影响,有些受影响,没有受影响,没有受影响,非常受影响,没有受影响,没有受影响,非常受影响
370,积极影响,不适用,没有受影响,有些受影响,没有受影响,非常受影响,没有受影响,非常受影响,没有受影响,没有受影响
371,积极影响,不适用,非常受影响,没有受影响,有些受影响,没有受影响,有些受影响,有些受影响,非常受影响,没有受影响
372,积极影响,不适用,没有受影响,没有受影响,没有受影响,没有受影响,没有受影响,没有受影响,没有受影响,没有受影响
373,积极影响,不适用,没有受影响,没有受影响,没有受影响,没有受影响,没有受影响,非常受影响,有些受影响,有些受影响
374,既有积极和消极影响,积极影,有些受影响,非常受影响,非常受影响,没有受影响,有些受影响,没有受影响,没有受影响,没有受影响
375,积极影响,不适用,有些受影响,非常受影响,有些受影响,没有受影响,没有受影响,没有受影响,没有受影响,有些受影响
376,消极影响,不适用,非常受影响,没有受影响,非常受影响,非常受影响,有些受影响,没有受影响,有些受影响,没有受影响
377,既有积极和消极影响,积极影,非常受影响,有些受影响,没有受影响,没有受影响,没有受影响,没有受影响,没有受影响,没有受影响
378,积极影响,不适用,非常受影响,非常受影响,有些受影响,非常受影响,没有受影响,有些受影响,非常受影响,没有受影响
379,既有积极和消极影响,积极影,非常受影响,非常受影响,没有受影响,没有受影响,非常受影响,没有受影响,非常受影响,有些受影响
380,积极影响,不适用,没有受影响,非常受影响,没有受影响,非常受影响,非常受影响,有些受影响,有些受影响,没有受影响
381,积极影响,不适用,非常受影响,没有受影响,有些受影响,非常受影响,有些受影响,没有受影响,非常受影响,有些受影响
382,既有积极和消极影响,积极影,非常受影响,非常受影响,没有受影响,没有受影响,非常受影响,非常受影响,没有受影响,有些受影响
383,既有积极和消极影响,积极影,没有受影响,有些受影响,有些受影响,非常受影响,没有受影响,没有受影响,没有受影响,没有受影响
384,既有积极和消极影响,积极影,没有受影响,非常受影响,非常受影响,没有受影响,没有受影响,有些受影响,没有受影响,没有受影响
385,既有积极和消极影响,积极影,没有受影响,有些受影响,没有受影响,有些受影响,有些受影响,有些受影响,有些受影响,有些受影响
386,既有积极和消极影响,两者相,没有受影响,非常受影响,没有受影响,非常受影响,有些受影响,有些受影响,有些受影响,没有受影响
387,积极影响,不适用,非常受影响,有些受影响,非常受影响,没有受影响,有些受影响,有些受影响,没有受影响,没有受影响
388,积极影响,不适用,非常受影响,非常受影响,没有受影响,非常受影响,没有受影响,没有受影响,没有受影响,没有受影响
389,既有积极和消极影响,积极影,没有受影响,没有受影响,没有受影响,非常受影响,非常受影响,有些受影响,非常受影响,有些受影响
390,既有积极和消极影响,消极影,没有受影响,非常受影响,非常受影响,没有受影响,没有受影响,没有受影响,没有受影响,没有受影响
391,不知道,不适用,非常受影响,有些受影响,没有受影响,非常受影响,没有受影响,没有受影响,没有受影响,没有受影响
392,消极影响,不适用,没有受影响,没有受影响,非常受影响,没有受影响,没有受影响,没有受影响,没有受影响,有些受影响
393,消极影响,不适用,非常受影响,没有受影响,非常受影响,非常受影响,有些受影响,非常受影响,没有受影响,非常受影响
394,既有积极和消极影响,消极影,非常受影响,有些受影响,非常受影响,非常受影响,没有受影响,有些受影响,非常受影响,没有受影响
395,消极影响,不适用,有些受影响,有些受影响,没有受影响,没有受影响,非常受影响,没有受影响,非常受影响,非常受影响
396,没有影响,不适用,有些受影响,有些受影响,没有受影响,有些受影响,有些受影响,有些受影响,没有受影响,有些受影响
397,既有积极和消极影响,不知道,有些受影响,没有受影响,非常受影响,非常受影响,没有受影响,非常受影响,有些受影响,有些受影响
398,既有积极和消极影响,积极影,非常受影响,没有受影响,有些受影响,有些受影响,没有受影响,没有受影响,没有受影响,没有受影响
399,既有积极和消极影响,消极影,没有受影响,没有受影响,没有受影响,非常受影响,非常受影响,没有受影响,没有受影响,没有受影响
400,既有积极和消极影响,不知道,非常受影响,有些受影响,非常受影响,没有受影响,有些受影响,没有受影响,非常受影响,有些受影响
401,积极影响,不适用,非常受影响,没有受影响,没有受影响,有些受影响,有些受影响,非常受影响,没有受影响,没有受影响
402,没有影响,不适用,没有受影响,有些受影响,没有受影响,没有受影响,有些受影响,没有受影响,有些受影响,没有受影响
403,既有积极和消极影响,两者相,没有受影响,非常受影响,有些受影响,没有受影响,有些受影响,有些受影响,没有受影响,没有受影响
404,既有积极和消极影响,两者相,没有受影响,有些受影响,没有受影响,有些受影响,非常受影响,有些受影响,没有受影响,有些受影响
405,消极影响,不适用,没有受影响,没有受影响,有些受影响,没有受影响,没有受影响,没有受影响,没有受影响,没有受影响
406,没有影响,不适用,没有受影响,非常受影响,没有受影响,有些受影响,没有受影响,有些受影响,没有受影响,没有受影响
407,消极影响,不适用,有些受影响,没有受影响,没有受影响,没有受影响,没有受影响,有些受影响,没有受影响,没有受影响
408,积极影响,不适用,非常受影响,非常受影响,没有受影响,非常受影响,没有受影响,非常受影响,没有受影响,有些受影响
409,没有影响,不适用,非常受影响,有些受影响,非常受影响,没有受影响,非常受影响,没有受影响,没有受影响,没有受影响
410,积极影响,不适用,非常受影响,非常受影响,没有受影响,没有受影响,没有受影响,没有受影响,有些受影响,没有受影响
411,消极影响,不适用,非常受影响,有些受影响,有些受影响,有些受影响,没有受影响,没有受影响,非常受影响,没有受影响
412,没有影响,不适用,没有受影响,没有受影响,非常受影响,没有受影响,没有受影响,没有受影响,有些受影响,非常受影响
413,没有影响,不适用,有些受影响,有些受影响,非常受影响,没有受影响,没有受影响,非常受影响,有些受影响,有些受影响
414,既有积极和消极影响,积极影,非常受影响,没有受影响,有些受影响,非常受影响,没有受影响,没有受影响,没有受影响,没有受影响
415,既有积极和消极影响,积极影,非常受影响,没有受影响,有些受影响,非常受影响,没有受影响,有些受影响,没有受影响,没有受影响
416,既有积极和消极影响,两者相,没有受影响,没有受影响,没有受影响,没有受影响,有些受影响,非常受影响,没有受影响,非常受影响
417,积极影响,不适用,非常受影响,非常受影响,没有受影响,没有受影响,没有受影响,没有受影响,非常受影响,没有受影响
418,消极影响,不适用,没有受影响,有些受影响,非常受影响,没有受影响,没有受影响,没有受影响,没有受影响,有些受影响
419,既有积极和消极影响,两者相,有些受影响,非常受影响,没有受影响,没有受影响,没有受影响,非常受影响,有些受影响,没有受影响
420,既有积极和消极影响,消极影,有些受影响,没有受影响,非常受影响,没有受影响,没有受影响,有些受影响,没有受影响,没有受影响
421,既有积极和消极影响,消极影,有些受影响,没有受影响,没有受影响,没有受影响,非常受影响,有些受影响,没有受影响,没有受影响
422,既有积极和消极影响,积极影,没有受影响,有些受影响,没有受影响,非常受影响,有些受影响,有些受影响,有些受影响,没有受影响
423,积极影响,不适用,非常受影响,没有受影响,有些受影响,非常受影响,没有受影响,没有受影响,非常受影响,有些受影响
424,既有积极和消极影响,两者相,没有受影响,有些受影响,没有受影响,没有受影响,没有受影响,没有受影响,非常受影响,没有受影响
425,积极影响,不适用,有些受影响,没有受影响,非常受影响,没有受影响,没有受影响,没有受影响,没有受影响,非常受影响
426,既有积极和消极影响,积极影,非常受影响,非常受影响,有些受影响,非常受影响,有些受影响,没有受影响,没有受影响,没有受影响
427,既有积极和消极影响,积极影,没有受影响,没有受影响,没有受影响,有些受影响,有些受影响,非常受影响,没有受影响,没有受影响
428,没有影响,不适用,没有受影响,非常受影响,有些受影响,没有受影响,没有受影响,没有受影响,非常受影响,没有受影响
429,消极影响,不适用,没有受影响,没有受影响,非常受影响,没有受影响,没有受影响,有些受影响,有些受影响,有些受影响
430,积极影响,不适用,没有受影响,没有受影响,有些受影响,有些受影响,没有受影响,没有受影响,没有受影响,没有受影响
431,积极影响,不适用,没有受影响,没有受影响,没有受影响,有些受影响,没有受影响,没有受影响,没有受影响,有些受影响
432,既有积极和消极影响,消极影,没有受影响,非常受影响,非常受影响,非常受影响,没有受影响,没有受影响,非常受影响,非常受影响
433,既有积极和消极影响,消极影,没有受影响,有些受影响,非常受影响,有些受影响,有些受影响,有些受影响,非常受影响,没有受影响
434,积极影响,不适用,没有受影响,非常受影响,没有受影响,有些受影响,没有受影响,没有受影响,没有受影响,没有受影响
435,积极影响,不适用,没有受影响,有些受影响,没有受影响,非常受影响,有些受影响,非常受影响,有些受影响,没有受影响
436,既有积极和消极影响,积极影,有些受影响,非常受影响,非常受影响,没有受影响,有些受影响,非常受影响,有些受影响,没有受影响
437,积极影响,不适用,没有受影响,没有受影响,非常受影响,有些受影响,没有受影响,有些受影响,非常受影响,有些受影响
438,既有积极和消极影响,积极影,非常受影响,有些受影响,非常受影响,没有受影响,没有受影响,有些受影响,没有受影响,没有受影响
439,既有积极和消极影响,消极影,没有受影响,有些受影响,非常受影响,没有受影响,非常受影响,没有受影响,没有受影响,没有受影响
440,积极影响,不适用,没有受影响,有些受影响,有些受影响,非常受影响,没有受影响,没有受影响,没有受影响,有些受影响
441,积极影响,不适用,非常受影响,有些受影响,没有受影响,没有受影响,有些受影响,没有受影响,没有受影响,没有受影响
442,没有影响,不适用,没有受影响,有些受影响,没有受影响,有些受影响,有些受影响,没有受影响,没有受影响,没有受影响
443,消极影响,不适用,非常受影响,有些受影响,没有受影响,没有受影响,非常受影响,没有受影响,非常受影响,没有受影响
444,消极影响,不适用,非常受影响,没有受影响,非常受影响,非常受影响,有些受影响,非常受影响,没有受影响,没有受影响
445,既有积极和消极影响,积极影,没有受影响,有些受影响,没有受影响,没有受影响,没有受影响,非常受影响,有些受影响,没有受影响
446,没有影响,不适用,非常受影响,没有受影响,有些受影响,没有受影响,非常受影响,没有受影响,没有受影响,没有受影响
447,没有影响,不适用,没有受影响,没有受影响,没有受影响,非常受影响,没有受影响,没有受影响,有些受影响,没有受影响
448,既有积极和消极影响,消极影,没有受影响,非常受影响,没有受影响,非常受影响,没有受影响,没有受影响,有些受影响,非常受影响
449,消极影响,不适用,有些受影响,没有受影响,非常受影响,没有受影响,非常受影响,非常受影响,非常受影响,没有受影响
450,积极影响,不适用,非常受影响,非常受影响,没有受影响,没有受影响,没有受影响,非常受影响,有些受影响,没有受影响
451,既有积极和消极影响,积极影,非常受影响,没有受影响,非常受影响,有些受影响,有些受影响,没有受影响,非常受影响,没有受影响
452,既有积极和消极影响,消极影,有些受影响,有些受影响,没有受影响,没有受影响,没有受影响,有些受影响,有些受影响,有些受影响
453,既有积极和消极影响,消极影,没有受影响,没有受影响,非常受影响,有些受影响,有些受影响,非常受影响,没有受影响,没有受影响
454,没有影响,不适用,有些受影响,没有受影响,非常受影响,没有受影响,有些受影响,没有受影响,没有受影响,没有受影响
455,积极影响,不适用,非常受影响,没有受影响,没有受影响,非常受影响,有些受影响,非常受影响,没有受影响,非常受影响
456,既有积极和消极影响,积极影,有些受影响,没有受影响,非常受影响,没有受影响,非常受影响,没有受影响,没有受影响,没有受影响
457,积极影响,不适用,有些受影响,有些受影响,没有受影响,非常受影响,有些受影响,有些受影响,没有受影响,没有受影响
458,既有积极和消极影响,积极影,没有受影响,非常受影响,非常受影响,有些受影响,没有受影响,非常受影响,没有受影响,非常受影响
459,积极影响,不适用,非常受影响,有些受影响,没有受影响,非常受影响,没有受影响,有些受影响,没有受影响,没有受影响
460,积极影响,不适用,没有受影响,非常受影响,没有受影响,非常受影响,没有受影响,没有受影响,有些受影响,没有受影响
461,积极影响,不适用,有些受影响,没有受影响,有些受影响,没有受影响,没有受影响,有些受影响,有些受影响,没有受影响
462,既有积极和消极影响,积极影,没有受影响,有些受影响,非常受影响,非常受影响,非常受影响,没有受影响,有些受影响,有些受影响
463,既有积极和消极影响,积极影,非常受影响,没有受影响,非常受影响,没有受影响,有些受影响,非常受影响,没有受影响,有些受影响
464,既有积极和消极影响,不知道,有些受影响,没有受影响,非常受影响,非常受影响,有些受影响,没有受影响,没有受影响,没有受影响
465,没有影响,不适用,没有受影响,没有受影响,非常受影响,有些受影响,有些受影响,有些受影响,有些受影响,有些受影响
466,消极影响,不适用,非常受影响,非常受影响,没有受影响,有些受影响,没有受影响,没有受影响,非常受影响,没有受影响
467,积极影响,不适用,没有受影响,没有受影响,没有受影响,非常受影响,没有受影响,没有受影响,没有受影响,没有受影响
468,既有积极和消极影响,积极影,没有受影响,没有受影响,没有受影响,非常受影响,有些受影响,没有受影响,非常受影响,非常受影响
469,积极影响,不适用,非常受影响,有些受影响,没有受影响,有些受影响,有些受影响,有些受影响,没有受影响,非常受影响
470,没有影响,不适用,非常受影响,有些受影响,没有受影响,没有受影响,没有受影响,非常受影响,没有受影响,没有受影响
471,积极影响,不适用,没有受影响,没有受影响,没有受影响,有些受影响,没有受影响,非常受影响,没有受影响,没有受影响
472,没有影响,不适用,非常受影响,非常受影响,非常受影响,没有受影响,有些受影响,没有受影响,没有受影响,有些受影响
473,积极影响,不适用,有些受影响,有些受影响,没有受影响,没有受影响,没有受影响,没有受影响,没有受影响,有些受影响
474,没有影响,不适用,非常受影响,有些受影响,没有受影响,非常受影响,没有受影响,没有受影响,没有受影响,有些受影响
475,既有积极和消极影响,两者相,有些受影响,非常受影响,有些受影响,有些受影响,有些受影响,有些受影响,没有受影响,没有受影响
476,不知道,不适用,非常受影响,有些受影响,非常受影响,没有受影响,有些受影响,有些受影响,没有受影响,没有受影响
477,积极影响,不适用,没有受影响,非常受影响,有些受影响,没有受影响,没有受影响,非常受影响,有些受影响,没有受影响
478,既有积极和消极影响,积极影,没有受影响,非常受影响,有些受影响,没有受影响,没有受影响,没有受影响,非常受影响,没有受影响
479,没有影响,不适用,没有受影响,非常受影响,没有受影响,有些受影响,没有受影响,没有受影响,有些受影响,没有受影响
480,既有积极和消极影响,两者相,没有受影响,没有受影响,有些受影响,没有受影响,非常受影响,没有受影响,没有受影响,非常受影响
481,既有积极和消极影响,两者相,非常受影响,有些受影响,有些受影响,没有受影响,有些受影响,有些受影响,没有受影响,没有受影响
482,既有积极和消极影响,消极影,没有受影响,没有受影响,没有受影响,没有受影响,没有受影响,没有受影响,没有受影响,有些受影响
483,既有积极和消极影响,消极影,非常受影响,有些受影响,非常受影响,没有受影响,没有受影响,没有受影响,有些受影响,非常受影响
484,既有积极和消极影响,消极影,非常受影响,有些受影响,有些受影响,非常受影响,有些受影响,有些受影响,非常受影响,没有受影响
485,既有积极和消极影响,积极影,非常受影响,有些受影响,非常受影响,非常受影响,没有受影响,没有受影响,没有受影响,没有受影响
486,没有影响,不适用,有些受影响,有些受影响,没有受影响,没有受影响,没有受影响,没有受影响,非常受影响,没有受影响
487,积极影响,不适用,没有受影响,非常受影响,没有受影响,没有受影响,没有受影响,没有受影响,没有受影响,没有受影响
488,积极影响,不适用,没有受影响,没有受影响,非常受影响,非常受影响,没有受影响,没有受影响,没有受影响,没有受影响
489,没有影响,不适用,有些受影响,非常受影响,没有受影响,非常受影响,没有受影响,有些受影响,没有受影响,有些受影响
490,没有影响,不适用,非常受影响,没有受影响,非常受影响,非常受影响,有些受影响,有些受影响,非常受影响,没有受影响
491,既有积极和消极影响,两者相,没有受影响,没有受影响,没有受影响,非常受影响,没有受影响,没有受影响,非常受影响,没有受影响
492,既有积极和消极影响,两者相,有些受影响,非常受影响,没有受影响,没有受影响,有些受影响,非常受影响,非常受影响,没有受影响
493,积极影响,不适用,有些受影响,非常受影响,没有受影响,没有受影响,没有受影响,没有受影响,没有受影响,没有受影响
494,积极影响,不适用,非常受影响,没有受影响,非常受影响,有些受影响,有些受影响,没有受影响,没有受影响,有些受影响
495,既有积极和消极影响,不知道,没有受影响,有些受影响,没有受影响,有些受影响,没有受影响,没有受影响,有些受影响,没有受影响
496,消极影响,不适用,没有受影响,非常受影响,没有受影响,非常受影响,有些受影响,没有受影响,没有受影响,没有受影响
497,既有积极和消极影响,积极影,非常受影响,没有受影响,非常受影响,非常受影响,非常受影响,有些受影响,没有受影响,有些受影响
498,积极影响,不适用,非常受影响,非常受影响,没有受影响,没有受影响,有些受影响,有些受影响,非常受影响,没有受影响
499,没有影响,不适用,没有受影响,没有受影响,非常受影响,没有受影响,非常受影响,非常受影响,没有受影响,没有受影响
500,没有影响,不适用,没有受影响,没有受影响,没有受影响,没有受影响,没有受影响,没有受影响,没有受影响,没有受影响
